ID,Name,Age,Country,Salary
1,Bob,19,UK,75868
2,David,35,Canada,50177
3,David,60,Germany,52784
4,Charlie,31,France,52255
5,Charlie,21,Germany,109257
6,David,65,Canada,42547
7,David,43,UK,115382
8,Alice,64,Germany,99703
9,Eve,64,UK,38414
10,Bob,43,Canada,41879
11,Charlie,43,UK,94780
12,Alice,32,UK,108100
13,Alice,28,France,46005
14,Eve,36,UK,66207
15,Alice,31,France,63394
16,Charlie,64,France,96967
17,Eve,51,USA,39472
18,David,35,USA,43219
19,Charlie,41,Canada,98984
20,Charlie,28,Germany,69650
21,Bob,29,UK,37220
22,Charlie,43,Canada,96200
23,Bob,29,Canada,108373
24,Alice,45,USA,85983
25,Bob,59,Germany,94918
26,Bob,52,France,111428
27,Alice,26,USA,48168
28,Charlie,22,France,34536
29,David,56,USA,64335
30,Bob,48,France,37126
31,Alice,36,USA,39141
32,Bob,66,Germany,48937
33,Charlie,34,Canada,51383
34,Alice,44,France,45425
35,Charlie,21,UK,67439
36,Eve,43,UK,55351
37,Charlie,21,France,59104
38,Eve,48,USA,78132
39,Charlie,27,Germany,90217
40,Bob,61,Germany,94373
41,Alice,19,France,56383
42,Bob,38,France,79041
43,Charlie,27,France,91765
44,Alice,69,UK,117101
45,Charlie,34,UK,95445
46,Bob,53,Canada,62725
47,Charlie,58,Germany,66340
48,Eve,42,USA,45593
49,Charlie,48,France,63560
50,Bob,40,UK,91273
51,Alice,33,USA,53791
52,Charlie,39,UK,94219
53,Alice,56,France,111427
54,David,49,Germany,66345
55,David,45,USA,70109
56,Bob,20,Canada,113990
57,Bob,29,Canada,79491
58,Eve,26,Canada,63988
59,David,33,Canada,109435
60,David,35,France,113103
61,Alice,55,UK,74618
62,Bob,61,Germany,32906
63,Charlie,50,Canada,95123
64,Alice,27,Germany,68157
65,Bob,24,USA,48917
66,David,47,UK,90117
67,Eve,31,Canada,58135
68,Alice,58,Canada,84885
69,Alice,20,Canada,106279
70,Alice,69,Canada,90625
71,Alice,45,UK,59467
72,Bob,61,UK,37601
73,Charlie,38,France,84627
74,Bob,62,Canada,56559
75,Bob,23,France,65540
76,Charlie,29,USA,111643
77,Alice,32,Canada,52874
78,Charlie,32,Germany,95212
79,Eve,54,France,92091
80,Bob,26,France,106785
81,David,59,France,49108
82,Charlie,57,USA,37696
83,Alice,37,UK,52968
84,Bob,50,Canada,80800
85,Bob,33,Germany,112904
86,Bob,38,Germany,88330
87,Charlie,48,Canada,101681
88,Eve,34,UK,81440
89,Eve,44,USA,111960
90,David,64,France,87590
91,David,20,UK,41401
92,Charlie,19,Germany,64320
93,Alice,35,France,98257
94,Alice,64,Canada,59247
95,Alice,67,Canada,41590
96,Alice,49,Germany,78942
97,Bob,56,France,82728
98,Charlie,38,Germany,75037
99,Alice,40,Canada,114040
100,Eve,30,Germany,49227
101,Bob,36,Germany,110690
102,Eve,58,Germany,104455
103,Eve,36,USA,88534
104,Bob,38,France,77774
105,Alice,61,UK,118530
106,Charlie,53,Germany,62143
107,Alice,49,Canada,61676
108,David,18,Germany,47026
109,Bob,25,UK,102195
110,Charlie,68,Canada,107269
111,Bob,47,UK,72021
112,Alice,46,France,41272
113,Alice,42,UK,70855
114,Charlie,18,France,119503
115,Eve,61,France,70440
116,Eve,18,USA,80095
117,Charlie,46,Canada,114152
118,Eve,23,USA,53585
119,Bob,22,Germany,98783
120,Alice,53,USA,43899
121,Charlie,40,France,48263
122,Bob,44,Canada,92295
123,Alice,66,Canada,91286
124,Alice,36,Germany,90694
125,Charlie,38,Canada,108794
126,Charlie,52,UK,93548
127,Charlie,44,UK,84729
128,Bob,54,France,62829
129,David,34,Germany,102240
130,Bob,66,UK,60291
131,Bob,35,Canada,90021
132,Alice,48,Canada,76744
133,Charlie,24,UK,95146
134,David,29,USA,112636
135,Alice,67,France,81344
136,Charlie,65,France,52594
137,Bob,69,UK,118363
138,David,25,Canada,65449
139,Eve,49,USA,90176
140,David,60,France,77390
141,Alice,48,France,119390
142,Eve,48,France,67334
143,Bob,32,France,79233
144,Charlie,29,UK,37975
145,Bob,22,UK,78010
146,Charlie,39,UK,62870
147,Charlie,42,Canada,101100
148,Bob,39,Germany,59894
149,Alice,19,Canada,111495
150,Bob,43,USA,78750
151,David,27,UK,78615
152,Charlie,26,France,79042
153,Charlie,21,Canada,52865
154,Bob,40,UK,57360
155,David,33,USA,96752
156,Alice,66,USA,56341
157,Bob,26,Canada,89980
158,Bob,23,Canada,79167
159,David,64,Germany,106635
160,Eve,48,UK,102525
161,Eve,35,Germany,117025
162,Charlie,43,Germany,60840
163,Bob,68,France,70550
164,Alice,39,USA,88295
165,Eve,32,France,83178
166,Charlie,47,Germany,101401
167,David,28,UK,81588
168,Eve,66,Canada,66680
169,Eve,28,USA,109556
170,Bob,48,USA,34790
171,David,27,Canada,64512
172,Eve,25,Canada,48998
173,Charlie,25,France,48408
174,Charlie,63,Canada,114578
175,Charlie,21,UK,72582
176,Charlie,60,UK,91256
177,Eve,35,USA,35568
178,Charlie,55,USA,54920
179,David,42,UK,57498
180,Eve,40,Germany,101597
181,Bob,28,USA,73308
182,Bob,51,UK,99839
183,Alice,57,Germany,119957
184,Charlie,49,USA,116161
185,Eve,52,Canada,49003
186,David,32,Canada,40842
187,David,38,Germany,92317
188,Charlie,54,UK,47915
189,Bob,28,USA,104303
190,David,51,France,77102
191,Eve,61,UK,101144
192,Bob,49,Germany,79191
193,David,53,Canada,101821
194,Eve,39,USA,118960
195,Eve,54,Germany,119724
196,Charlie,36,Germany,68896
197,Alice,26,Canada,44191
198,Bob,69,USA,63290
199,Bob,63,USA,81303
200,Eve,28,UK,61460
201,Alice,60,USA,73892
202,David,39,Canada,100993
203,David,55,USA,41217
204,Alice,34,USA,78887
205,David,33,France,112795
206,Charlie,57,Germany,32267
207,David,37,France,99225
208,Bob,59,UK,31608
209,Charlie,21,France,79920
210,Alice,69,USA,99079
211,Eve,57,Canada,119233
212,Bob,32,Canada,59116
213,David,39,USA,53436
214,Alice,34,Germany,88715
215,Charlie,69,Canada,53551
216,Charlie,51,Canada,86706
217,Charlie,34,Canada,95389
218,Bob,28,UK,61145
219,Bob,56,UK,70026
220,Alice,45,Germany,35463
221,Bob,36,UK,110999
222,Eve,21,France,99425
223,Charlie,58,France,76941
224,David,42,UK,112331
225,Alice,62,USA,62432
226,Bob,60,Canada,98592
227,Charlie,36,Germany,50600
228,Eve,48,USA,64757
229,Eve,60,UK,65663
230,Eve,45,France,98290
231,Charlie,36,UK,77500
232,Eve,39,Canada,73552
233,Charlie,49,Canada,48017
234,Bob,53,France,81313
235,Charlie,39,Canada,100371
236,Charlie,30,UK,60723
237,Charlie,27,USA,59708
238,Eve,19,Canada,106421
239,Alice,32,Canada,48525
240,Eve,53,UK,83225
241,David,66,UK,79052
242,Eve,47,France,91627
243,Bob,39,UK,32168
244,Alice,21,UK,101394
245,David,62,France,47053
246,Alice,44,Germany,36397
247,Charlie,30,Germany,39902
248,Charlie,28,France,60809
249,Alice,63,Canada,50181
250,David,69,France,44125
251,David,49,France,86140
252,David,47,France,64356
253,David,47,France,41523
254,Alice,26,UK,109228
255,Alice,65,UK,70356
256,Alice,23,Canada,81838
257,Charlie,60,Germany,64861
258,Charlie,32,USA,32621
259,Alice,21,France,113261
260,Bob,28,Canada,31316
261,Bob,45,Canada,86396
262,Alice,51,Germany,96331
263,Bob,49,France,58503
264,Alice,62,USA,92717
265,Alice,21,UK,37275
266,David,26,Germany,52647
267,David,44,UK,65869
268,Charlie,66,Canada,31424
269,David,65,UK,58420
270,Alice,61,USA,74139
271,Eve,27,USA,80679
272,Alice,48,Germany,92292
273,Bob,68,USA,96151
274,Bob,30,USA,103257
275,Eve,43,USA,89229
276,Charlie,53,Canada,108461
277,Bob,29,UK,30617
278,Alice,38,Canada,117727
279,David,41,France,60754
280,Eve,49,Germany,119215
281,Eve,27,France,80916
282,Charlie,55,UK,49546
283,Bob,19,UK,115641
284,Eve,56,USA,79655
285,Charlie,24,USA,37041
286,Eve,21,Canada,79695
287,David,19,UK,42931
288,Eve,27,Canada,102604
289,David,33,France,47460
290,Alice,21,Germany,65048
291,Eve,59,USA,113154
292,Bob,57,Canada,92851
293,Alice,21,Canada,68646
294,Eve,51,France,50274
295,Alice,52,Germany,47695
296,David,56,France,40823
297,Bob,63,Canada,56436
298,David,25,UK,76767
299,David,39,France,64084
300,Eve,62,USA,95519
301,Alice,67,France,87486
302,Eve,24,Canada,75815
303,Bob,63,Germany,102139
304,Alice,64,Canada,76179
305,Bob,38,UK,76757
306,Bob,58,UK,79782
307,David,35,France,101354
308,Eve,51,Canada,103781
309,Eve,52,USA,91751
310,Bob,24,Canada,63991
311,Charlie,60,Canada,99327
312,Alice,51,France,46432
313,David,33,France,34469
314,David,39,France,34427
315,Alice,58,UK,61767
316,David,53,Germany,107861
317,Eve,47,USA,115929
318,Bob,30,UK,54590
319,Alice,63,USA,94748
320,Eve,36,Germany,114952
321,David,42,USA,100868
322,Eve,50,Germany,104109
323,Eve,32,France,51962
324,Charlie,63,Canada,81411
325,Eve,67,UK,65865
326,Alice,39,USA,54980
327,Eve,36,France,104482
328,David,30,Canada,73761
329,David,44,Canada,61841
330,Alice,30,UK,119580
331,Eve,47,USA,61584
332,Charlie,30,Canada,116297
333,Eve,55,Germany,38071
334,Alice,49,USA,88225
335,Charlie,23,USA,91870
336,Charlie,39,France,114977
337,Charlie,43,France,32054
338,David,38,France,43381
339,Charlie,58,France,35192
340,Charlie,18,USA,39660
341,Bob,38,Canada,100129
342,Charlie,60,Canada,98887
343,David,66,Canada,40963
344,Eve,35,Canada,107379
345,Bob,66,Canada,101966
346,David,34,UK,103697
347,Alice,20,USA,50241
348,Eve,32,UK,72463
349,Alice,20,USA,64262
350,Charlie,20,UK,56245
351,David,67,UK,70387
352,Eve,66,Germany,67318
353,Bob,54,Germany,99774
354,David,46,Germany,97899
355,Charlie,46,UK,52296
356,Bob,35,Germany,102472
357,David,36,Canada,102322
358,Bob,52,France,55317
359,David,62,USA,41617
360,Alice,27,Germany,100900
361,Alice,69,France,76166
362,Alice,35,France,93416
363,Charlie,67,France,93833
364,Bob,52,France,38145
365,Eve,55,France,104104
366,David,35,France,76897
367,Charlie,48,France,38451
368,Charlie,55,USA,50376
369,Alice,57,France,51848
370,Eve,19,France,55241
371,Bob,60,UK,62024
372,Bob,54,France,36499
373,David,61,Germany,39020
374,Bob,24,Germany,74204
375,David,22,UK,60567
376,Charlie,44,USA,41246
377,Alice,63,Germany,78749
378,David,36,France,54931
379,Alice,46,UK,105779
380,Alice,53,UK,99311
381,Charlie,22,Canada,110564
382,David,48,France,97917
383,Charlie,52,Germany,118537
384,Bob,61,Canada,106222
385,Bob,55,Canada,77931
386,Alice,69,USA,119841
387,Charlie,57,Canada,54583
388,David,25,France,83342
389,Eve,56,USA,106369
390,Alice,42,Germany,112273
391,Eve,52,Germany,40813
392,Alice,42,UK,59080
393,Alice,55,Germany,107485
394,Bob,34,Canada,33220
395,David,61,France,80881
396,Eve,45,USA,50462
397,Alice,37,USA,91017
398,Charlie,56,France,74377
399,Charlie,28,France,117570
400,Eve,39,USA,35424
401,Alice,39,Germany,106485
402,Charlie,38,France,84285
403,Eve,36,Canada,88862
404,Eve,30,Germany,43785
405,Alice,26,France,54955
406,Alice,49,USA,57204
407,Alice,66,Canada,85162
408,Bob,66,Canada,70241
409,Eve,39,Canada,93730
410,Alice,31,France,81706
411,Eve,36,Canada,111726
412,David,41,UK,43280
413,Bob,35,UK,89089
414,Bob,46,USA,80166
415,Charlie,64,Germany,66765
416,Alice,37,Canada,56261
417,Bob,53,USA,59367
418,David,19,Canada,85417
419,Charlie,65,Canada,91590
420,Charlie,42,France,104639
421,Alice,33,UK,43785
422,Charlie,35,France,89559
423,Bob,64,Germany,60288
424,Eve,67,Germany,99553
425,David,33,UK,72928
426,Eve,31,Germany,77965
427,Alice,40,Germany,70640
428,Eve,33,USA,37236
429,Alice,50,France,45325
430,Eve,41,USA,105645
431,Bob,48,Canada,55487
432,Charlie,42,UK,76811
433,Eve,39,France,114650
434,David,46,USA,98824
435,Bob,34,France,65416
436,Bob,64,France,105387
437,Charlie,65,USA,55933
438,Eve,37,UK,55501
439,David,41,UK,38749
440,Bob,55,USA,47274
441,Eve,64,Canada,31346
442,Eve,43,UK,46010
443,Charlie,54,Germany,110808
444,Alice,33,USA,73581
445,David,58,USA,113199
446,Alice,31,UK,101282
447,Eve,20,Germany,31808
448,Charlie,34,USA,87466
449,Bob,55,UK,83959
450,Bob,57,Canada,103454
451,Eve,33,USA,107327
452,Eve,25,USA,34463
453,Charlie,28,France,61574
454,Charlie,54,Germany,41493
455,Alice,21,Germany,83795
456,David,53,Canada,97065
457,Charlie,24,Canada,102641
458,David,67,France,61313
459,Alice,19,UK,73787
460,Alice,23,UK,41698
461,Charlie,43,France,36169
462,Charlie,21,UK,84989
463,Eve,35,Germany,52930
464,Eve,63,France,87838
465,Charlie,22,UK,75363
466,David,24,USA,89650
467,David,57,Germany,104210
468,Charlie,47,Germany,119932
469,Alice,46,UK,114669
470,Bob,45,France,84526
471,Alice,53,Germany,51143
472,Charlie,32,UK,78022
473,David,52,USA,58172
474,Charlie,28,UK,108479
475,Bob,32,France,35069
476,Alice,67,Germany,104738
477,Charlie,28,Canada,107483
478,David,34,USA,108542
479,Bob,31,France,65215
480,Eve,28,France,60924
481,David,59,Germany,57382
482,Alice,42,Canada,53816
483,Charlie,59,Germany,111528
484,Alice,19,Germany,103301
485,David,59,UK,39171
486,Bob,69,UK,115856
487,Eve,42,France,36051
488,David,69,USA,96826
489,Charlie,61,UK,46666
490,Charlie,66,UK,46329
491,Charlie,39,USA,46788
492,Alice,47,USA,81751
493,Charlie,44,Germany,83130
494,Alice,18,UK,44213
495,Alice,30,Germany,54611
496,Bob,27,France,112168
497,Alice,21,Germany,41885
498,Eve,53,Canada,112025
499,Bob,44,UK,118748
500,David,21,France,86979
501,Alice,44,France,80944
502,Bob,52,France,117844
503,Charlie,25,USA,77183
504,Alice,57,USA,115904
505,Bob,62,France,46064
506,Alice,69,UK,35542
507,Eve,52,USA,82642
508,Eve,38,Canada,47994
509,Eve,43,Germany,114073
510,David,31,Canada,43111
511,Eve,58,Canada,100459
512,Eve,34,UK,91216
513,Bob,65,France,86442
514,David,62,France,49281
515,David,52,UK,84328
516,David,48,USA,113659
517,Charlie,49,USA,40040
518,David,59,Canada,50447
519,Bob,28,USA,49217
520,Alice,35,France,59468
521,Charlie,66,Germany,106774
522,Charlie,31,Germany,54574
523,Alice,22,Canada,99447
524,Alice,69,Germany,85411
525,Eve,33,France,40189
526,Alice,43,France,72562
527,Bob,48,USA,93967
528,Bob,68,UK,114053
529,Eve,58,UK,106010
530,Charlie,35,Canada,118620
531,Alice,66,Canada,63977
532,Alice,54,France,61048
533,Eve,38,Germany,56280
534,Bob,28,USA,44409
535,Eve,47,UK,65360
536,David,20,Germany,36153
537,David,24,France,52521
538,Bob,32,France,35505
539,Eve,64,Germany,95279
540,Eve,56,Canada,57997
541,Charlie,24,UK,41883
542,Eve,23,Canada,105222
543,David,20,France,115045
544,Bob,66,UK,95199
545,Eve,58,France,66160
546,Alice,58,France,63099
547,Bob,34,Canada,97882
548,Alice,60,Canada,115705
549,Alice,39,Canada,42089
550,Alice,20,Germany,78991
551,David,63,Germany,54868
552,Alice,38,France,97306
553,David,47,Germany,73895
554,Alice,60,USA,59013
555,Bob,24,UK,32383
556,Bob,65,Canada,104469
557,Charlie,39,Canada,64005
558,Alice,56,USA,75256
559,Eve,37,France,37556
560,Charlie,62,UK,119426
561,Eve,58,USA,117974
562,David,55,Canada,98158
563,Bob,35,USA,63160
564,David,28,UK,89550
565,Alice,50,USA,75810
566,David,26,Canada,34368
567,Alice,18,Canada,38063
568,Charlie,54,France,105417
569,Alice,28,Germany,49342
570,Eve,42,UK,45155
571,Eve,62,Germany,32574
572,Bob,59,UK,105081
573,Charlie,44,USA,33043
574,Alice,23,France,90563
575,Alice,66,France,58466
576,David,50,UK,96181
577,Bob,55,Germany,104283
578,Bob,19,France,77749
579,Eve,50,UK,114209
580,Alice,24,UK,105079
581,Charlie,48,Canada,110199
582,Alice,66,Canada,61893
583,Bob,55,Germany,91943
584,Alice,19,USA,113460
585,Eve,49,Canada,78220
586,Eve,48,France,80264
587,David,62,Canada,101340
588,Alice,63,USA,103242
589,Charlie,41,USA,49145
590,Eve,53,UK,98505
591,David,32,UK,51161
592,David,60,France,57879
593,Eve,48,UK,59515
594,Bob,33,Canada,104735
595,Charlie,44,UK,47234
596,Alice,21,Germany,75129
597,Alice,40,France,80432
598,Bob,43,Germany,105618
599,Alice,33,Canada,77523
600,Eve,56,Germany,104230
601,Bob,46,UK,117689
602,Alice,50,USA,90052
603,Charlie,49,USA,114417
604,Eve,24,Canada,92606
605,Bob,36,USA,116215
606,Bob,64,France,92167
607,Eve,64,Canada,77391
608,David,58,Canada,111755
609,Alice,24,France,54616
610,Alice,34,USA,63254
611,Eve,37,Germany,52990
612,David,60,France,96606
613,Bob,42,USA,37449
614,Charlie,37,USA,94204
615,Charlie,56,UK,75438
616,Eve,29,France,48995
617,David,66,UK,71642
618,Charlie,49,France,78839
619,Alice,21,UK,67727
620,David,24,USA,32582
621,Alice,47,Germany,82150
622,Alice,20,USA,30756
623,Alice,58,USA,61766
624,Charlie,50,Germany,80188
625,Alice,33,France,92203
626,Bob,44,Canada,98053
627,Bob,54,UK,86169
628,David,59,UK,73953
629,Bob,32,USA,104948
630,Charlie,54,UK,91203
631,Charlie,30,USA,69006
632,Alice,67,Canada,55990
633,Charlie,53,Germany,53229
634,Alice,18,France,49041
635,Bob,48,France,40153
636,Alice,41,USA,48137
637,Eve,32,UK,42856
638,Bob,54,Canada,37806
639,Alice,43,UK,85776
640,Alice,37,France,78848
641,Charlie,55,Canada,63349
642,Alice,34,Canada,96400
643,Charlie,54,France,102486
644,Eve,65,UK,62523
645,David,46,UK,73713
646,David,67,UK,101559
647,Alice,42,UK,66959
648,Eve,56,UK,30604
649,Bob,32,USA,78500
650,Alice,68,Canada,78561
651,David,39,USA,37631
652,Eve,58,France,58606
653,David,61,UK,64875
654,Eve,60,UK,38136
655,Charlie,25,Germany,75439
656,David,58,Canada,96402
657,Eve,55,Canada,77681
658,Charlie,66,USA,76767
659,Charlie,36,UK,98256
660,Bob,52,USA,110470
661,Eve,47,USA,112748
662,Bob,58,UK,42419
663,Alice,54,USA,75318
664,David,56,UK,48807
665,Alice,35,France,73906
666,Eve,62,USA,67104
667,Bob,44,USA,98264
668,Bob,51,Canada,103497
669,David,61,Germany,114634
670,Charlie,56,France,114129
671,David,37,France,95740
672,Bob,19,Germany,60883
673,Charlie,30,UK,62333
674,Charlie,66,Germany,69977
675,Charlie,41,France,67968
676,Alice,19,France,107224
677,Alice,58,UK,99731
678,David,48,UK,38066
679,David,18,France,61897
680,Eve,37,UK,30797
681,Bob,59,France,73182
682,David,38,Canada,69790
683,Charlie,65,Germany,98695
684,Charlie,23,Canada,97984
685,Alice,59,France,56837
686,Bob,18,Canada,38187
687,Bob,59,USA,59673
688,Alice,69,Germany,114864
689,Alice,25,Germany,117967
690,Bob,32,France,111072
691,David,69,Canada,32514
692,Bob,69,USA,92224
693,David,41,France,108835
694,David,19,Germany,78593
695,Bob,62,UK,106259
696,Bob,39,France,106518
697,Bob,57,USA,39323
698,David,49,UK,39058
699,Eve,42,Canada,76900
700,Bob,36,USA,75104
701,Eve,46,France,66675
702,Eve,29,Germany,116210
703,David,19,UK,74220
704,Eve,30,France,34884
705,Eve,46,UK,91955
706,David,44,USA,82908
707,Alice,50,USA,61564
708,Alice,46,USA,72106
709,David,64,Canada,119111
710,Eve,26,France,54858
711,Alice,52,USA,86538
712,Charlie,52,UK,100099
713,Bob,40,France,51711
714,Charlie,43,Germany,84729
715,Bob,48,France,91941
716,Charlie,53,USA,72271
717,Bob,49,Germany,37748
718,Charlie,35,France,64736
719,Eve,18,Germany,65984
720,Alice,47,Germany,92973
721,Alice,31,Canada,33597
722,David,58,UK,77298
723,Alice,45,France,91667
724,Eve,56,Canada,108015
725,Bob,42,USA,72930
726,Bob,66,UK,105963
727,Bob,26,UK,102249
728,Eve,61,Germany,58845
729,David,21,Canada,69735
730,David,21,Canada,87043
731,David,53,Canada,38229
732,Eve,60,USA,71108
733,Alice,18,France,111489
734,Alice,38,France,41611
735,Eve,43,France,98778
736,Eve,53,USA,78901
737,Eve,54,France,55367
738,Bob,25,Germany,59027
739,David,31,Germany,58201
740,Eve,57,USA,72100
741,David,48,Canada,115125
742,Bob,29,UK,92056
743,Alice,24,France,83975
744,Charlie,67,France,52059
745,Alice,55,France,64565
746,David,59,USA,52074
747,David,21,Canada,112958
748,Eve,69,France,65853
749,Charlie,21,UK,103163
750,Alice,67,UK,94626
751,David,27,Germany,84373
752,Alice,52,UK,58234
753,Eve,38,France,98450
754,Eve,48,USA,41083
755,Bob,64,France,116471
756,Eve,31,Germany,74031
757,David,48,Germany,65858
758,Alice,33,USA,53632
759,David,22,France,103655
760,Charlie,69,USA,45422
761,Eve,49,France,47428
762,Bob,57,Canada,80343
763,Eve,22,Germany,75319
764,David,63,Canada,96807
765,Bob,38,France,47229
766,David,42,Canada,101452
767,Alice,41,USA,71655
768,Bob,28,Canada,34629
769,Bob,69,Canada,72762
770,Eve,59,Canada,77835
771,David,56,Germany,41562
772,Eve,54,France,62488
773,Alice,34,UK,40362
774,Charlie,65,Canada,68819
775,Bob,21,UK,46089
776,Eve,35,Canada,35696
777,Charlie,58,Canada,75454
778,Alice,57,UK,110662
779,Bob,46,France,99101
780,Eve,53,Canada,110848
781,Bob,50,USA,100514
782,Charlie,36,USA,78558
783,David,56,UK,50277
784,Eve,45,Germany,78460
785,Eve,43,Canada,43503
786,Charlie,45,France,68141
787,David,29,USA,114829
788,Alice,21,France,92848
789,Bob,40,France,49693
790,Bob,59,Canada,97292
791,Alice,51,UK,118331
792,Charlie,44,Germany,101948
793,Eve,31,France,79650
794,Eve,18,France,48229
795,Eve,39,Canada,82818
796,Bob,59,Germany,78996
797,Eve,65,Germany,85966
798,David,66,Germany,92120
799,Alice,33,France,62238
800,Alice,58,France,55876
801,Charlie,32,UK,113747
802,Charlie,54,France,118453
803,Charlie,33,Canada,52563
804,Bob,56,Germany,77728
805,David,55,Canada,88878
806,Alice,50,UK,82052
807,David,57,France,45911
808,Alice,67,USA,51341
809,Bob,33,Germany,49142
810,Charlie,30,Germany,42881
811,Alice,47,Canada,91656
812,Alice,28,Germany,112636
813,Charlie,68,France,92381
814,Charlie,46,Canada,44592
815,Charlie,29,Germany,31770
816,Bob,22,France,57260
817,Charlie,43,Canada,44331
818,Bob,64,USA,105965
819,David,51,Germany,85225
820,David,61,Germany,42814
821,Alice,50,Canada,99877
822,Charlie,23,Canada,94350
823,Bob,34,France,95508
824,Charlie,50,Germany,93909
825,Alice,22,Canada,109626
826,Eve,68,France,68174
827,David,22,UK,51145
828,Eve,21,Germany,99232
829,Charlie,33,Germany,114710
830,David,31,Canada,56415
831,Alice,51,Canada,104354
832,Bob,22,Germany,70855
833,Charlie,21,Germany,45728
834,Alice,48,UK,51138
835,Charlie,69,Canada,98195
836,Alice,48,France,69582
837,Charlie,43,UK,79429
838,Charlie,19,Germany,72817
839,Bob,53,France,106840
840,David,27,Canada,40943
841,Alice,42,USA,84456
842,Charlie,38,France,38686
843,David,19,USA,111574
844,Bob,65,UK,31833
845,Eve,24,Canada,35873
846,Alice,23,Germany,86689
847,Eve,58,Canada,51160
848,Alice,53,UK,91833
849,Eve,38,UK,80581
850,Bob,28,USA,44521
851,Alice,22,Germany,97551
852,Alice,66,UK,38133
853,Charlie,29,UK,116680
854,Charlie,69,UK,68917
855,Alice,36,UK,81998
856,David,58,France,47801
857,Alice,35,Canada,30848
858,Eve,59,USA,57133
859,Charlie,59,UK,109517
860,Eve,65,Canada,30523
861,Bob,20,France,78426
862,Eve,52,Germany,98835
863,Bob,58,Canada,77284
864,Charlie,29,Germany,80304
865,Eve,31,France,60295
866,David,59,France,118588
867,Eve,52,France,53891
868,Bob,64,Canada,75606
869,Charlie,68,Canada,62408
870,Alice,44,Germany,46170
871,Bob,48,Canada,106287
872,Charlie,56,Canada,53455
873,Eve,21,USA,66144
874,David,67,UK,109803
875,Eve,18,UK,43765
876,Charlie,59,Canada,36023
877,Alice,31,UK,114664
878,David,59,Canada,118413
879,Charlie,19,USA,31233
880,Alice,18,Canada,108940
881,Charlie,25,Canada,110194
882,David,34,France,62281
883,Charlie,20,UK,45976
884,Alice,40,USA,115485
885,Eve,21,Germany,95183
886,Alice,31,USA,49483
887,David,66,Germany,48572
888,Eve,31,USA,100387
889,Eve,59,Canada,68051
890,Alice,32,UK,65388
891,Bob,62,Germany,36047
892,Eve,50,USA,107595
893,Bob,40,Canada,73649
894,Eve,65,Canada,108977
895,Eve,21,Canada,105689
896,Bob,52,UK,77868
897,David,32,Germany,91670
898,Bob,58,Canada,77827
899,Bob,23,Germany,49165
900,Eve,44,USA,82294
901,Eve,51,France,104459
902,Bob,48,Germany,36898
903,Eve,54,Germany,101273
904,Charlie,60,UK,31702
905,Charlie,64,Canada,112037
906,Charlie,29,UK,54908
907,Eve,45,Canada,99770
908,Alice,51,Canada,82700
909,Bob,19,Germany,47022
910,David,27,UK,98904
911,Eve,32,France,74533
912,Alice,39,Germany,39360
913,Bob,36,Germany,57632
914,Charlie,65,USA,44892
915,David,27,Canada,48103
916,Bob,34,UK,82510
917,Charlie,66,USA,98459
918,Eve,24,UK,112589
919,Charlie,45,Germany,101223
920,Charlie,67,UK,41438
921,Alice,25,France,88109
922,Eve,42,UK,88291
923,Charlie,67,Canada,108284
924,Eve,33,Germany,72634
925,Eve,22,Canada,99858
926,David,19,Germany,35455
927,David,40,France,95113
928,David,63,USA,41528
929,Bob,27,France,42631
930,Bob,41,USA,41676
931,Bob,24,UK,91926
932,David,20,USA,81232
933,Alice,32,UK,46937
934,Alice,21,Germany,92009
935,Bob,38,Germany,33008
936,David,47,Canada,111851
937,Charlie,38,Germany,78786
938,Charlie,33,France,117744
939,Eve,29,Germany,105547
940,Bob,43,Canada,46665
941,Charlie,30,UK,81148
942,Eve,62,USA,46881
943,Charlie,43,Germany,96892
944,Eve,58,USA,30316
945,Alice,33,Germany,71411
946,David,60,USA,91234
947,Eve,37,Canada,35352
948,Charlie,60,Germany,64337
949,Alice,35,Germany,101749
950,Bob,21,Canada,46615
951,Alice,48,UK,38502
952,Charlie,66,USA,87817
953,Alice,32,UK,55189
954,Charlie,30,France,111011
955,Bob,67,France,64868
956,Bob,27,France,43101
957,Alice,57,France,86242
958,Alice,45,Germany,51587
959,Charlie,54,USA,67661
960,David,53,Germany,74561
961,David,45,Germany,93403
962,David,23,USA,88412
963,Charlie,62,USA,34950
964,David,21,UK,117601
965,David,43,Canada,39199
966,David,27,USA,103989
967,Charlie,59,Germany,84103
968,Eve,42,USA,51774
969,Bob,60,USA,107392
970,Alice,26,USA,33804
971,Bob,31,France,73196
972,Alice,46,UK,33816
973,Eve,32,UK,93746
974,David,52,USA,70469
975,Eve,41,UK,37185
976,Eve,23,UK,43540
977,David,18,France,40446
978,Bob,67,UK,56093
979,Charlie,47,Germany,83348
980,Alice,24,Germany,90938
981,Bob,24,USA,47740
982,Bob,22,Canada,39506
983,Charlie,26,UK,50468
984,Eve,40,Germany,41933
985,Eve,36,UK,104959
986,Alice,30,Germany,66899
987,Bob,58,France,107839
988,David,60,Germany,118656
989,Bob,43,USA,105225
990,David,64,UK,39076
991,Charlie,27,Germany,97099
992,David,23,USA,119058
993,Bob,47,USA,40436
994,David,69,France,32565
995,Alice,39,France,78026
996,Alice,60,France,30558
997,Eve,60,Canada,38847
998,David,48,France,51588
999,Eve,54,UK,118359
1000,Bob,49,France,77311
